<?xml version="1.0"?>
<metadata xml:lang="en"><Esri><CreaDate>20240821</CreaDate><CreaTime>10082900</CreaTime><ArcGISFormat>1.0</ArcGISFormat><SyncOnce>TRUE</SyncOnce><ModDate>20250320</ModDate><ModTime>160838</ModTime><scaleRange><minScale>150000000</minScale><maxScale>5000</maxScale></scaleRange><ArcGISProfile>ItemDescription</ArcGISProfile></Esri><toolbox name="PostDeepLearning" alias="Toolbox for post-processing deep learning results"><arcToolboxHelpPath>c:\program files\arcgis\pro\Resources\Help\gp</arcToolboxHelpPath><toolsets/></toolbox><dataIdInfo><idCitation><resTitle>PostDeepLearning</resTitle></idCitation><idPurp>The Post Deep Learning Workflows geoprocessing tool contains two main tools for post-processing deep learning results: PostDeepLearningBuildingsWorkflows and PostDeepLearningRoadsWorkflows. Below is a summary of each tool</idPurp><searchKeys><keyword>Deep Learning</keyword><keyword>Classify pixels</keyword><keyword>QA/QC</keyword></searchKeys></dataIdInfo><distInfo><distributor><distorFormat><formatName>ArcToolbox Toolbox</formatName></distorFormat></distributor></distInfo><Parameters><Parameter><Name>Input Raster</Name><Type>Raster Dataset</Type><Description>The raster dataset to be processed.</Description></Parameter><Parameter><Name>Field Name for Raster to Polygon</Name><Type>String</Type><Description>The field name used for converting raster to polygon.</Description></Parameter><Parameter><Name>Unique Value of Selected Field</Name><Type>String</Type><Description>The unique value in the specified field to retain.</Description></Parameter><Parameter><Name>Output Feature Class</Name><Type>Feature Class</Type><Description>The output feature class for the processed features.</Description></Parameter></Parameters><mdHrLv><ScopeCd value="005"/></mdHrLv><mdDateSt Sync="TRUE">20240821</mdDateSt></metadata>
