<?xml version="1.0"?>
<metadata xml:lang="en"><Esri><CreaDate>20240821</CreaDate><CreaTime>11462300</CreaTime><ArcGISFormat>1.0</ArcGISFormat><SyncOnce>TRUE</SyncOnce><Parameters><Parameter><Name>Input Raster</Name><Type>Raster Dataset</Type><Description>The raster dataset to be processed.</Description></Parameter><Parameter><Name>Field Name for Raster to Polygon</Name><Type>String</Type><Description>The field name used for converting raster to polygon.</Description></Parameter><Parameter><Name>Unique Value of Selected Field</Name><Type>String</Type><Description>The unique value in the specified field to retain.</Description></Parameter><Parameter><Name>Output Feature Class</Name><Type>Feature Class</Type><Description>The output feature class for the processed building footprints.</Description></Parameter></Parameters><ModDate>20240821</ModDate><ModTime>13451700</ModTime><scaleRange><minScale>150000000</minScale><maxScale>5000</maxScale></scaleRange><ArcGISProfile>ItemDescription</ArcGISProfile></Esri><tool name="PostDeepLearningBuildingsWorkflows" displayname="Post Processing Buildings from Raster Output" toolboxalias="Toolbox for post-processing deep learning results" xmlns=""><arcToolboxHelpPath>c:\program files\arcgis\pro\Resources\Help\gp</arcToolboxHelpPath><parameters><param name="in_raster" displayname="Input Raster" type="Required" direction="Input" datatype="Map Server or Raster Data Layer or Image Service or Mosaic Dataset or Raster Dataset or Raster Layer or Raster Data Layer" expression="in_raster"><dialogReference>&lt;DIV STYLE="text-align:Left;"&gt;&lt;DIV&gt;&lt;DIV&gt;&lt;P&gt;&lt;SPAN&gt;Input raster with building class. For example the output raster of classify pixels using deep learning geoprocessing tool.&lt;/SPAN&gt;&lt;/P&gt;&lt;/DIV&gt;&lt;/DIV&gt;&lt;/DIV&gt;</dialogReference></param><param name="field_name" displayname="Field Name for Raster to Polygon" type="Required" direction="Input" datatype="Field" expression="field_name"><dialogReference>&lt;DIV STYLE="text-align:Left;"&gt;&lt;DIV&gt;&lt;DIV&gt;&lt;P&gt;&lt;SPAN&gt;Field in the raster with building class value.&lt;/SPAN&gt;&lt;/P&gt;&lt;/DIV&gt;&lt;/DIV&gt;&lt;/DIV&gt;</dialogReference></param><param name="unique_value" displayname="Unique Value of Selected Field" type="Optional" direction="Input" datatype="String" expression="{unique_value}"><dialogReference>&lt;DIV STYLE="text-align:Left;"&gt;&lt;DIV&gt;&lt;DIV&gt;&lt;P&gt;&lt;SPAN&gt;Unique value corresponding to building features&lt;/SPAN&gt;&lt;/P&gt;&lt;/DIV&gt;&lt;/DIV&gt;&lt;/DIV&gt;</dialogReference></param><param name="output_feature_class" displayname="Output Feature Class" type="Required" direction="Output" datatype="Feature Class" expression="output_feature_class"><dialogReference>&lt;DIV STYLE="text-align:Left;"&gt;&lt;DIV&gt;&lt;P&gt;&lt;SPAN&gt;Final output roads feature class&lt;/SPAN&gt;&lt;/P&gt;&lt;/DIV&gt;&lt;/DIV&gt;</dialogReference></param></parameters><summary>&lt;DIV STYLE="text-align:Left;"&gt;&lt;DIV&gt;&lt;DIV&gt;&lt;P&gt;&lt;SPAN&gt;This tool is designed to process building footprints extracted from deep learning models. The workflow includes several steps to refine and regularize the building polygons.&lt;/SPAN&gt;&lt;/P&gt;&lt;/DIV&gt;&lt;/DIV&gt;&lt;/DIV&gt;</summary></tool><dataIdInfo><idCitation><resTitle>Post Processing Buildings from Raster Output</resTitle></idCitation><searchKeys><keyword>Buildings</keyword></searchKeys></dataIdInfo><distInfo><distributor><distorFormat><formatName>ArcToolbox Tool</formatName></distorFormat></distributor></distInfo><mdHrLv><ScopeCd value="005"></ScopeCd></mdHrLv><mdDateSt Sync="TRUE">20240821</mdDateSt></metadata>
